Workbook

Sheet VLOOKUP (same sheet)
A1: TABLE 1 | E1: TABLE 2 | I1: FINAL TABLE
A2: EMPLOYEE ID | B2: LAST_NAME | C2: FIRST_NAME | E2: EMPLOYEE ID | F2: PAY | I2: EMPLOYEE ID | J2: PAY | K2: LAST_NAME | L2: FIRST_NAME | M2: CITY | N2: STATE
A3: 110608 | B3: Doe | C3: John | E3: 990678 | F3: 84289 | I3: 990678 | J3: 84289 | K3: =VLOOKUP(I3,$A$3:$C$15,2,0) -> Pitt | L3: =VLOOKUP(I3,$A$3:$C$15,3,0) -> Brad | M3: =VLOOKUP($I3,'VLOOKUP(Different sheet)-1'!$F$3:$J$15,4,0) -> Austin | N3: =VLOOKUP($I3,'VLOOKUP(Different sheet)-1'!$F$3:$J$15,5,0) -> Texas
A4: 253072 | B4: Cline | C4: Andy | E4: 830385 | F4: 137670 | I4: 830385 | J4: 137670 | K4: =VLOOKUP(I4,$A$3:$C$15,2,0) -> Williams | L4: =VLOOKUP(I4,$A$3:$C$15,3,0) -> Price | M4: =VLOOKUP($I4,'VLOOKUP(Different sheet)-1'!$F$3:$J$15,4,0) -> Chicago | N4: =VLOOKUP($I4,'VLOOKUP(Different sheet)-1'!$F$3:$J$15,5,0) -> Illinois
A5: 352711 | B5: Smith | C5: John | E5: 795574 | F5: 190024 | I5: 795574 | J5: 190024 | K5: =VLOOKUP(I5,$A$3:$C$15,2,0) -> Stark | L5: =VLOOKUP(I5,$A$3:$C$15,3,0) -> Tony | M5: =VLOOKUP($I5,'VLOOKUP(Different sheet)-1'!$F$3:$J$15,4,0) -> Austin | N5: =VLOOKUP($I5,'VLOOKUP(Different sheet)-1'!$F$3:$J$15,5,0) -> Texas
A6: 391006 | B6: Pan | C6: Peter | E6: 580622 | F6: 122604 | I6: 580622 | J6: 122604 | K6: =VLOOKUP(I6,$A$3:$C$15,2,0) -> Manning | L6: =VLOOKUP(I6,$A$3:$C$15,3,0) -> Eli | M6: =VLOOKUP($I6,'VLOOKUP(Different sheet)-1'!$F$3:$J$15,4,0) -> Columbus | N6: =VLOOKUP($I6,'VLOOKUP(Different sheet)-1'!$F$3:$J$15,5,0) -> Ohio
A7: 392128 | B7: Fawre | C7: Bret | E7: 549427 | F7: 111700 | I7: 549427 | J7: 111700 | K7: =VLOOKUP(I7,$A$3:$C$15,2,0) -> Elway | L7: =VLOOKUP(I7,$A$3:$C$15,3,0) -> John | M7: =VLOOKUP($I7,'VLOOKUP(Different sheet)-1'!$F$3:$J$15,4,0) -> Tampa Bay | N7: =VLOOKUP($I7,'VLOOKUP(Different sheet)-1'!$F$3:$J$15,5,0) -> Florida
A8: 549427 | B8: Elway | C8: John | E8: 392128 | F8: 85931 | I8: 392128 | J8: 85931 | K8: =VLOOKUP(I8,$A$3:$C$15,2,0) -> Fawre | L8: =VLOOKUP(I8,$A$3:$C$15,3,0) -> Bret | M8: =VLOOKUP($I8,'VLOOKUP(Different sheet)-1'!$F$3:$J$15,4,0) -> Chicago | N8: =VLOOKUP($I8,'VLOOKUP(Different sheet)-1'!$F$3:$J$15,5,0) -> Illinois
A9: 580622 | B9: Manning | C9: Eli | E9: 391006 | F9: 168114 | I9: 391006 | J9: 168114 | K9: =VLOOKUP(I9,$A$3:$C$15,2,0) -> Pan | L9: =VLOOKUP(I9,$A$3:$C$15,3,0) -> Peter | M9: =VLOOKUP($I9,'VLOOKUP(Different sheet)-1'!$F$3:$J$15,4,0) -> Chicago | N9: =VLOOKUP($I9,'VLOOKUP(Different sheet)-1'!$F$3:$J$15,5,0) -> Illinois
A10: 602693 | B10: Vick | C10: Micheal | E10: 352711 | F10: 89627 | I10: 352711 | J10: 89627 | K10: =VLOOKUP(I10,$A$3:$C$15,2,0) -> Smith | L10: =VLOOKUP(I10,$A$3:$C$15,3,0) -> John | M10: =VLOOKUP($I10,'VLOOKUP(Different sheet)-1'!$F$3:$J$15,4,0) -> Tampa Bay | N10: =VLOOKUP($I10,'VLOOKUP(Different sheet)-1'!$F$3:$J$15,5,0) -> Florida
A11: 611810 | B11: Woods | C11: Tiger | E11: 253072 | F11: 149946 | I11: 253072 | J11: 149946 | K11: =VLOOKUP(I11,$A$3:$C$15,2,0) -> Cline | L11: =VLOOKUP(I11,$A$3:$C$15,3,0) -> Andy | M11: =VLOOKUP($I11,'VLOOKUP(Different sheet)-1'!$F$3:$J$15,4,0) -> Chicago | N11: =VLOOKUP($I11,'VLOOKUP(Different sheet)-1'!$F$3:$J$15,5,0) -> Illinois
A12: 612235 | B12: Jordan | C12: Micheal | E12: 612235 | F12: 145893 | I12: 612235 | J12: 145893 | K12: =VLOOKUP(I12,$A$3:$C$15,2,0) -> Jordan | L12: =VLOOKUP(I12,$A$3:$C$15,3,0) -> Micheal | M12: =VLOOKUP($I12,'VLOOKUP(Different sheet)-1'!$F$3:$J$15,4,0) -> Tampa Bay | N12: =VLOOKUP($I12,'VLOOKUP(Different sheet)-1'!$F$3:$J$15,5,0) -> Florida
A13: 795574 | B13: Stark | C13: Tony | E13: 611810 | F13: 64757 | I13: 611810 | J13: 64757 | K13: =VLOOKUP(I13,$A$3:$C$15,2,0) -> Woods | L13: =VLOOKUP(I13,$A$3:$C$15,3,0) -> Tiger | M13: =VLOOKUP($I13,'VLOOKUP(Different sheet)-1'!$F$3:$J$15,4,0) -> Austin | N13: =VLOOKUP($I13,'VLOOKUP(Different sheet)-1'!$F$3:$J$15,5,0) -> Texas
A14: 830385 | B14: Williams | C14: Price | E14: 602693 | F14: 71478 | I14: 602693 | J14: 71478 | K14: =VLOOKUP(I14,$A$3:$C$15,2,0) -> Vick | L14: =VLOOKUP(I14,$A$3:$C$15,3,0) -> Micheal | M14: =VLOOKUP($I14,'VLOOKUP(Different sheet)-1'!$F$3:$J$15,4,0) -> Tampa Bay | N14: =VLOOKUP($I14,'VLOOKUP(Different sheet)-1'!$F$3:$J$15,5,0) -> Florida
A15: 990678 | B15: Pitt | C15: Brad | E15: 110608 | F15: 131505 | I15: 110608 | J15: 131505 | K15: =VLOOKUP(I15,$A$3:$C$15,2,0) -> Doe | L15: =VLOOKUP(I15,$A$3:$C$15,3,0) -> John | M15: =VLOOKUP($I15,'VLOOKUP(Different sheet)-1'!$F$3:$J$15,4,0) -> Columbus | N15: =VLOOKUP($I15,'VLOOKUP(Different sheet)-1'!$F$3:$J$15,5,0) -> Ohio

Sheet VLOOKUP(Different sheet)-1
A1: TABLE 1 | F1: FINAL TABLE
A2: EMPLOYEE ID | B2: LAST_NAME | C2: FIRST_NAME | F2: EMPLOYEE ID | G2: LAST_NAME | H2: FIRST_NAME | I2: CITY | J2: STATE
A3: 110608 | B3: Doe | C3: John | F3: 110608 | G3: Doe | H3: John | I3: =VLOOKUP($F3, 'VLOOKUP(Different sheet)-2'!$A$3:$C$15, 2,0) -> Columbus | J3: =VLOOKUP($F3, 'VLOOKUP(Different sheet)-2'!$A$3:$C$15, 3,0) -> Ohio
A4: 253072 | B4: Cline | C4: Andy | F4: 253072 | G4: Cline | H4: Andy | I4: =VLOOKUP($F4, 'VLOOKUP(Different sheet)-2'!$A$3:$C$15, 2,0) -> Chicago | J4: =VLOOKUP($F4, 'VLOOKUP(Different sheet)-2'!$A$3:$C$15, 3,0) -> Illinois
A5: 352711 | B5: Smith | C5: John | F5: 352711 | G5: Smith | H5: John | I5: =VLOOKUP($F5, 'VLOOKUP(Different sheet)-2'!$A$3:$C$15, 2,0) -> Tampa Bay | J5: =VLOOKUP($F5, 'VLOOKUP(Different sheet)-2'!$A$3:$C$15, 3,0) -> Florida
A6: 391006 | B6: Pan | C6: Peter | F6: 391006 | G6: Pan | H6: Peter | I6: =VLOOKUP($F6, 'VLOOKUP(Different sheet)-2'!$A$3:$C$15, 2,0) -> Chicago | J6: =VLOOKUP($F6, 'VLOOKUP(Different sheet)-2'!$A$3:$C$15, 3,0) -> Illinois
A7: 392128 | B7: Fawre | C7: Bret | F7: 392128 | G7: Fawre | H7: Bret | I7: =VLOOKUP($F7, 'VLOOKUP(Different sheet)-2'!$A$3:$C$15, 2,0) -> Chicago | J7: =VLOOKUP($F7, 'VLOOKUP(Different sheet)-2'!$A$3:$C$15, 3,0) -> Illinois
A8: 549427 | B8: Elway | C8: John | F8: 549427 | G8: Elway | H8: John | I8: =VLOOKUP($F8, 'VLOOKUP(Different sheet)-2'!$A$3:$C$15, 2,0) -> Tampa Bay | J8: =VLOOKUP($F8, 'VLOOKUP(Different sheet)-2'!$A$3:$C$15, 3,0) -> Florida
A9: 580622 | B9: Manning | C9: Eli | F9: 580622 | G9: Manning | H9: Eli | I9: =VLOOKUP($F9, 'VLOOKUP(Different sheet)-2'!$A$3:$C$15, 2,0) -> Columbus | J9: =VLOOKUP($F9, 'VLOOKUP(Different sheet)-2'!$A$3:$C$15, 3,0) -> Ohio
A10: 602693 | B10: Vick | C10: Micheal | F10: 602693 | G10: Vick | H10: Micheal | I10: =VLOOKUP($F10, 'VLOOKUP(Different sheet)-2'!$A$3:$C$15, 2,0) -> Tampa Bay | J10: =VLOOKUP($F10, 'VLOOKUP(Different sheet)-2'!$A$3:$C$15, 3,0) -> Florida
A11: 611810 | B11: Woods | C11: Tiger | F11: 611810 | G11: Woods | H11: Tiger | I11: =VLOOKUP($F11, 'VLOOKUP(Different sheet)-2'!$A$3:$C$15, 2,0) -> Austin | J11: =VLOOKUP($F11, 'VLOOKUP(Different sheet)-2'!$A$3:$C$15, 3,0) -> Texas
A12: 612235 | B12: Jordan | C12: Micheal | F12: 612235 | G12: Jordan | H12: Micheal | I12: =VLOOKUP($F12, 'VLOOKUP(Different sheet)-2'!$A$3:$C$15, 2,0) -> Tampa Bay | J12: =VLOOKUP($F12, 'VLOOKUP(Different sheet)-2'!$A$3:$C$15, 3,0) -> Florida
A13: 795574 | B13: Stark | C13: Tony | F13: 795574 | G13: Stark | H13: Tony | I13: =VLOOKUP($F13, 'VLOOKUP(Different sheet)-2'!$A$3:$C$15, 2,0) -> Austin | J13: =VLOOKUP($F13, 'VLOOKUP(Different sheet)-2'!$A$3:$C$15, 3,0) -> Texas
A14: 830385 | B14: Williams | C14: Price | F14: 830385 | G14: Williams | H14: Price | I14: =VLOOKUP($F14, 'VLOOKUP(Different sheet)-2'!$A$3:$C$15, 2,0) -> Chicago | J14: =VLOOKUP($F14, 'VLOOKUP(Different sheet)-2'!$A$3:$C$15, 3,0) -> Illinois
A15: 990678 | B15: Pitt | C15: Brad | F15: 990678 | G15: Pitt | H15: Brad | I15: =VLOOKUP($F15, 'VLOOKUP(Different sheet)-2'!$A$3:$C$15, 2,0) -> Austin | J15: =VLOOKUP($F15, 'VLOOKUP(Different sheet)-2'!$A$3:$C$15, 3,0) -> Texas

Sheet VLOOKUP(Different sheet)-2
A1: TABLE 2
A2: EMPLOYEE ID | B2: CITY | C2: STATE
A3: 110608 | B3: Columbus | C3: Ohio
A4: 253072 | B4: Chicago | C4: Illinois
A5: 352711 | B5: Tampa Bay | C5: Florida
A6: 391006 | B6: Chicago | C6: Illinois
A7: 392128 | B7: Chicago | C7: Illinois
A8: 549427 | B8: Tampa Bay | C8: Florida
A9: 580622 | B9: Columbus | C9: Ohio
A10: 602693 | B10: Tampa Bay | C10: Florida
A11: 611810 | B11: Austin | C11: Texas
A12: 612235 | B12: Tampa Bay | C12: Florida
A13: 795574 | B13: Austin | C13: Texas
A14: 830385 | B14: Chicago | C14: Illinois
A15: 990678 | B15: Austin | C15: Texas

Sheet HLOOKUP
A1: STUDENT NAME | B1: A | C1: B | D1: C | E1: D | F1: E
A2: ACCOUNTS | B2: 75 | C2: 65 | D2: 70 | E2: 60 | F2: 59
A3: ECONOMICS | B3: 65 | C3: 72 | D3: 78 | E3: 89 | F3: 67
A4: MANAGEMENT | B4: 70 | C4: 68 | D4: 90 | E4: 72 | F4: 58
A5: MATHEMATICS | B5: 80 | C5: 90 | D5: 75 | E5: 65 | F5: 87
A8: Marks of D in management | B8: =HLOOKUP(E1, A1:F5, 4, 0) -> 72
A12: Marks of B in mathematics | B12: =HLOOKUP(C1,A1:F5,5,0) -> 90

Sheet INDEX-MATCH
A1: NAME | B1: HEIGHT | C1: WEIGHT
A2: Sally | B2: 6.2 | C2: 95
A3: Tom | B3: 5.9 | C3: 87
A4: Kevin | B4: 5.8 | C4: 88
A5: Amanda | B5: 5.5 | C5: 79
A6: Carl | B6: 6.1 | C6: 101
A7: Ned | B7: 6 | C7: 83
B11: Amanda | C11: =INDEX(B1:B7,MATCH(A5,A1:A7,0)) -> 5.5
B13: Ned | C13: =INDEX(C1:C7,MATCH(B13,A1:A7,0)) -> 83
